datetime_of_operation,num_few_shot_nominal_imgs,image_path,image_name,classification_result,non_defect_prob,defect_prob,nominal_description,defective_description
2024-11-16T04:55:38.599660,20,textile_0482.jpg,textile_0482.jpg,Nominal,0.5,0.5,"Image textile_0015.jpg: An image of a textile material with consistent weave patterns, showing no visible defects or irregularities.","Image textile_0093.jpg: An image of a textile material with a small localized defect, disrupting the otherwise consistent weave pattern."
2024-11-16T04:55:38.609979,20,textile_0187.jpg,textile_0187.jpg,Defective,0.5,0.5,"Image textile_0284.jpg: An image of a textile material with consistent weave patterns, showing no visible defects or irregularities.","Image textile_0142.jpg: An image of a textile material with a small localized defect, disrupting the otherwise consistent weave pattern."
2024-11-16T04:55:38.621651,20,textile_0746.jpg,textile_0746.jpg,Nominal,0.5,0.5,"Image textile_0284.jpg: An image of a textile material with consistent weave patterns, showing no visible defects or irregularities.","Image textile_0116.jpg: An image of a textile material with a small localized defect, disrupting the otherwise consistent weave pattern."
2024-11-16T04:55:38.633897,20,textile_0593.jpg,textile_0593.jpg,Defective,0.5,0.5,"Image textile_0694.jpg: An image of a textile material with consistent weave patterns, showing no visible defects or irregularities.","Image textile_0116.jpg: An image of a textile material with a small localized defect, disrupting the otherwise consistent weave pattern."
2024-11-16T04:55:38.644043,20,textile_0312.jpg,textile_0312.jpg,Defective,0.5,0.5,"Image textile_0048.jpg: An image of a textile material with consistent weave patterns, showing no visible defects or irregularities.","Image textile_0093.jpg: An image of a textile material with a small localized defect, disrupting the otherwise consistent weave pattern."
2024-11-16T04:55:38.654142,20,textile_0206.jpg,textile_0206.jpg,Nominal,0.5,0.5,"Image textile_0688.jpg: An image of a textile material with consistent weave patterns, showing no visible defects or irregularities.","Image textile_0368.jpg: An image of a textile material with a small localized defect, disrupting the otherwise consistent weave pattern."
2024-11-16T04:55:38.664249,20,textile_0909.jpg,textile_0909.jpg,Nominal,0.5,0.5,"Image textile_0114.jpg: An image of a textile material with consistent weave patterns, showing no visible defects or irregularities.","Image textile_0434.jpg: An image of a textile material with a small localized defect, disrupting the otherwise consistent weave pattern."
2024-11-16T04:55:38.674693,20,textile_0741.jpg,textile_0741.jpg,Nominal,0.5,0.5,"Image textile_0015.jpg: An image of a textile material with consistent weave patterns, showing no visible defects or irregularities.","Image textile_0093.jpg: An image of a textile material with a small localized defect, disrupting the otherwise consistent weave pattern."
2024-11-16T04:55:38.685073,20,textile_0420.jpg,textile_0420.jpg,Nominal,0.501,0.499,"Image textile_0694.jpg: An image of a textile material with consistent weave patterns, showing no visible defects or irregularities.","Image textile_0434.jpg: An image of a textile material with a small localized defect, disrupting the otherwise consistent weave pattern."
2024-11-16T04:55:38.695221,20,textile_0776.jpg,textile_0776.jpg,Nominal,0.5,0.5,"Image textile_0284.jpg: An image of a textile material with consistent weave patterns, showing no visible defects or irregularities.","Image textile_0093.jpg: An image of a textile material with a small localized defect, disrupting the otherwise consistent weave pattern."
2024-11-16T04:55:38.705387,20,textile_0734.jpg,textile_0734.jpg,Defective,0.499,0.501,"Image textile_0284.jpg: An image of a textile material with consistent weave patterns, showing no visible defects or irregularities.","Image textile_0116.jpg: An image of a textile material with a small localized defect, disrupting the otherwise consistent weave pattern."
2024-11-16T04:55:38.715575,20,textile_0777.jpg,textile_0777.jpg,Nominal,0.501,0.499,"Image textile_0873.jpg: An image of a textile material with consistent weave patterns, showing no visible defects or irregularities.","Image textile_0020.jpg: An image of a textile material with a small localized defect, disrupting the otherwise consistent weave pattern."
2024-11-16T04:55:38.725745,20,textile_0272.jpg,textile_0272.jpg,Defective,0.5,0.5,"Image textile_0048.jpg: An image of a textile material with consistent weave patterns, showing no visible defects or irregularities.","Image textile_0142.jpg: An image of a textile material with a small localized defect, disrupting the otherwise consistent weave pattern."
2024-11-16T04:55:38.735951,20,textile_0546.jpg,textile_0546.jpg,Nominal,0.5,0.5,"Image textile_0048.jpg: An image of a textile material with consistent weave patterns, showing no visible defects or irregularities.","Image textile_0142.jpg: An image of a textile material with a small localized defect, disrupting the otherwise consistent weave pattern."
2024-11-16T04:55:38.746116,20,textile_0252.jpg,textile_0252.jpg,Nominal,0.5,0.5,"Image textile_0048.jpg: An image of a textile material with consistent weave patterns, showing no visible defects or irregularities.","Image textile_0142.jpg: An image of a textile material with a small localized defect, disrupting the otherwise consistent weave pattern."
2024-11-16T04:55:38.756325,20,textile_0652.jpg,textile_0652.jpg,Defective,0.5,0.5,"Image textile_0642.jpg: An image of a textile material with consistent weave patterns, showing no visible defects or irregularities.","Image textile_0018.jpg: An image of a textile material with a small localized defect, disrupting the otherwise consistent weave pattern."
2024-11-16T04:55:38.766524,20,textile_0833.jpg,textile_0833.jpg,Nominal,0.5,0.5,"Image textile_0284.jpg: An image of a textile material with consistent weave patterns, showing no visible defects or irregularities.","Image textile_0116.jpg: An image of a textile material with a small localized defect, disrupting the otherwise consistent weave pattern."
2024-11-16T04:55:38.776686,20,textile_0753.jpg,textile_0753.jpg,Nominal,0.501,0.499,"Image textile_0159.jpg: An image of a textile material with consistent weave patterns, showing no visible defects or irregularities.","Image textile_0020.jpg: An image of a textile material with a small localized defect, disrupting the otherwise consistent weave pattern."
2024-11-16T04:55:38.786866,20,textile_0511.jpg,textile_0511.jpg,Defective,0.499,0.501,"Image textile_0284.jpg: An image of a textile material with consistent weave patterns, showing no visible defects or irregularities.","Image textile_0412.jpg: An image of a textile material with a small localized defect, disrupting the otherwise consistent weave pattern."
2024-11-16T04:55:38.797024,20,textile_0363.jpg,textile_0363.jpg,Nominal,0.5,0.5,"Image textile_0284.jpg: An image of a textile material with consistent weave patterns, showing no visible defects or irregularities.","Image textile_0018.jpg: An image of a textile material with a small localized defect, disrupting the otherwise consistent weave pattern."
2024-11-16T04:55:38.807190,20,textile_0426.jpg,textile_0426.jpg,Nominal,0.5,0.5,"Image textile_0284.jpg: An image of a textile material with consistent weave patterns, showing no visible defects or irregularities.","Image textile_0434.jpg: An image of a textile material with a small localized defect, disrupting the otherwise consistent weave pattern."
2024-11-16T04:55:38.817386,20,textile_0540.jpg,textile_0540.jpg,Nominal,0.501,0.499,"Image textile_0688.jpg: An image of a textile material with consistent weave patterns, showing no visible defects or irregularities.","Image textile_0142.jpg: An image of a textile material with a small localized defect, disrupting the otherwise consistent weave pattern."
2024-11-16T04:55:38.827625,20,textile_0998.jpg,textile_0998.jpg,Nominal,0.5,0.5,"Image textile_0766.jpg: An image of a textile material with consistent weave patterns, showing no visible defects or irregularities.","Image textile_0142.jpg: An image of a textile material with a small localized defect, disrupting the otherwise consistent weave pattern."
2024-11-16T04:55:38.837876,20,textile_0631.jpg,textile_0631.jpg,Nominal,0.5,0.5,"Image textile_0114.jpg: An image of a textile material with consistent weave patterns, showing no visible defects or irregularities.","Image textile_0093.jpg: An image of a textile material with a small localized defect, disrupting the otherwise consistent weave pattern."
2024-11-16T04:55:38.848019,20,textile_0224.jpg,textile_0224.jpg,Defective,0.5,0.5,"Image textile_0284.jpg: An image of a textile material with consistent weave patterns, showing no visible defects or irregularities.","Image textile_0116.jpg: An image of a textile material with a small localized defect, disrupting the otherwise consistent weave pattern."
2024-11-16T04:55:38.858188,20,textile_0317.jpg,textile_0317.jpg,Nominal,0.5,0.5,"Image textile_0015.jpg: An image of a textile material with consistent weave patterns, showing no visible defects or irregularities.","Image textile_0368.jpg: An image of a textile material with a small localized defect, disrupting the otherwise consistent weave pattern."
2024-11-16T04:55:38.868343,20,textile_0557.jpg,textile_0557.jpg,Nominal,0.5,0.5,"Image textile_0736.jpg: An image of a textile material with consistent weave patterns, showing no visible defects or irregularities.","Image textile_0093.jpg: An image of a textile material with a small localized defect, disrupting the otherwise consistent weave pattern."
2024-11-16T04:55:38.878578,20,textile_0721.jpg,textile_0721.jpg,Nominal,0.501,0.499,"Image textile_0736.jpg: An image of a textile material with consistent weave patterns, showing no visible defects or irregularities.","Image textile_0434.jpg: An image of a textile material with a small localized defect, disrupting the otherwise consistent weave pattern."
2024-11-16T04:55:38.888780,20,textile_0339.jpg,textile_0339.jpg,Nominal,0.5,0.5,"Image textile_0284.jpg: An image of a textile material with consistent weave patterns, showing no visible defects or irregularities.","Image textile_0368.jpg: An image of a textile material with a small localized defect, disrupting the otherwise consistent weave pattern."
2024-11-16T04:55:38.898988,20,textile_0532.jpg,textile_0532.jpg,Nominal,0.5,0.5,"Image textile_0048.jpg: An image of a textile material with consistent weave patterns, showing no visible defects or irregularities.","Image textile_0093.jpg: An image of a textile material with a small localized defect, disrupting the otherwise consistent weave pattern."
2024-11-16T04:55:38.909168,20,textile_0077.jpg,textile_0077.jpg,Nominal,0.501,0.499,"Image textile_0015.jpg: An image of a textile material with consistent weave patterns, showing no visible defects or irregularities.","Image textile_0142.jpg: An image of a textile material with a small localized defect, disrupting the otherwise consistent weave pattern."
2024-11-16T04:55:38.919299,20,textile_0749.jpg,textile_0749.jpg,Nominal,0.501,0.499,"Image textile_0688.jpg: An image of a textile material with consistent weave patterns, showing no visible defects or irregularities.","Image textile_0142.jpg: An image of a textile material with a small localized defect, disrupting the otherwise consistent weave pattern."
2024-11-16T04:55:38.929438,20,textile_0793.jpg,textile_0793.jpg,Defective,0.5,0.5,"Image textile_0284.jpg: An image of a textile material with consistent weave patterns, showing no visible defects or irregularities.","Image textile_0116.jpg: An image of a textile material with a small localized defect, disrupting the otherwise consistent weave pattern."
2024-11-16T04:55:38.939867,20,textile_0888.jpg,textile_0888.jpg,Defective,0.5,0.5,"Image textile_0114.jpg: An image of a textile material with consistent weave patterns, showing no visible defects or irregularities.","Image textile_0020.jpg: An image of a textile material with a small localized defect, disrupting the otherwise consistent weave pattern."
2024-11-16T04:55:38.951266,20,textile_0212.jpg,textile_0212.jpg,Nominal,0.5,0.5,"Image textile_0338.jpg: An image of a textile material with consistent weave patterns, showing no visible defects or irregularities.","Image textile_0093.jpg: An image of a textile material with a small localized defect, disrupting the otherwise consistent weave pattern."
2024-11-16T04:55:38.961426,20,textile_0706.jpg,textile_0706.jpg,Defective,0.5,0.5,"Image textile_0553.jpg: An image of a textile material with consistent weave patterns, showing no visible defects or irregularities.","Image textile_0116.jpg: An image of a textile material with a small localized defect, disrupting the otherwise consistent weave pattern."
2024-11-16T04:55:38.971580,20,textile_0771.jpg,textile_0771.jpg,Nominal,0.5,0.5,"Image textile_0048.jpg: An image of a textile material with consistent weave patterns, showing no visible defects or irregularities.","Image textile_0093.jpg: An image of a textile material with a small localized defect, disrupting the otherwise consistent weave pattern."
2024-11-16T04:55:38.981788,20,textile_0978.jpg,textile_0978.jpg,Defective,0.499,0.501,"Image textile_0284.jpg: An image of a textile material with consistent weave patterns, showing no visible defects or irregularities.","Image textile_0412.jpg: An image of a textile material with a small localized defect, disrupting the otherwise consistent weave pattern."
2024-11-16T04:55:38.991949,20,textile_0480.jpg,textile_0480.jpg,Nominal,0.5,0.5,"Image textile_0284.jpg: An image of a textile material with consistent weave patterns, showing no visible defects or irregularities.","Image textile_0368.jpg: An image of a textile material with a small localized defect, disrupting the otherwise consistent weave pattern."
2024-11-16T04:55:39.002873,20,textile_0947.jpg,textile_0947.jpg,Nominal,0.501,0.499,"Image textile_0284.jpg: An image of a textile material with consistent weave patterns, showing no visible defects or irregularities.","Image textile_0018.jpg: An image of a textile material with a small localized defect, disrupting the otherwise consistent weave pattern."
2024-11-16T04:55:39.013236,20,textile_0727.jpg,textile_0727.jpg,Nominal,0.501,0.499,"Image textile_0736.jpg: An image of a textile material with consistent weave patterns, showing no visible defects or irregularities.","Image textile_0093.jpg: An image of a textile material with a small localized defect, disrupting the otherwise consistent weave pattern."
2024-11-16T04:55:39.024181,20,textile_0852.jpg,textile_0852.jpg,Defective,0.5,0.5,"Image textile_0048.jpg: An image of a textile material with consistent weave patterns, showing no visible defects or irregularities.","Image textile_0142.jpg: An image of a textile material with a small localized defect, disrupting the otherwise consistent weave pattern."
2024-11-16T04:55:39.035014,20,textile_0893.jpg,textile_0893.jpg,Nominal,0.5,0.5,"Image textile_0048.jpg: An image of a textile material with consistent weave patterns, showing no visible defects or irregularities.","Image textile_0142.jpg: An image of a textile material with a small localized defect, disrupting the otherwise consistent weave pattern."
2024-11-16T04:55:39.046083,20,textile_0669.jpg,textile_0669.jpg,Defective,0.5,0.5,"Image textile_0284.jpg: An image of a textile material with consistent weave patterns, showing no visible defects or irregularities.","Image textile_0018.jpg: An image of a textile material with a small localized defect, disrupting the otherwise consistent weave pattern."
2024-11-16T04:55:39.056442,20,textile_0152.jpg,textile_0152.jpg,Nominal,0.5,0.5,"Image textile_0048.jpg: An image of a textile material with consistent weave patterns, showing no visible defects or irregularities.","Image textile_0434.jpg: An image of a textile material with a small localized defect, disrupting the otherwise consistent weave pattern."
2024-11-16T04:55:39.067101,20,textile_0545.jpg,textile_0545.jpg,Nominal,0.5,0.5,"Image textile_0303.jpg: An image of a textile material with consistent weave patterns, showing no visible defects or irregularities.","Image textile_0426.jpg: An image of a textile material with a small localized defect, disrupting the otherwise consistent weave pattern."
2024-11-16T04:55:39.077675,20,textile_0218.jpg,textile_0218.jpg,Nominal,0.5,0.5,"Image textile_0553.jpg: An image of a textile material with consistent weave patterns, showing no visible defects or irregularities.","Image textile_0368.jpg: An image of a textile material with a small localized defect, disrupting the otherwise consistent weave pattern."
2024-11-16T04:55:39.088334,20,textile_0889.jpg,textile_0889.jpg,Nominal,0.5,0.5,"Image textile_0284.jpg: An image of a textile material with consistent weave patterns, showing no visible defects or irregularities.","Image textile_0116.jpg: An image of a textile material with a small localized defect, disrupting the otherwise consistent weave pattern."
2024-11-16T04:55:39.098688,20,textile_0422.jpg,textile_0422.jpg,Defective,0.5,0.5,"Image textile_0766.jpg: An image of a textile material with consistent weave patterns, showing no visible defects or irregularities.","Image textile_0018.jpg: An image of a textile material with a small localized defect, disrupting the otherwise consistent weave pattern."
2024-11-16T04:55:39.108913,20,textile_0060.jpg,textile_0060.jpg,Defective,0.499,0.501,"Image textile_0303.jpg: An image of a textile material with consistent weave patterns, showing no visible defects or irregularities.","Image textile_0426.jpg: An image of a textile material with a small localized defect, disrupting the otherwise consistent weave pattern."
2024-11-16T04:55:39.119226,20,textile_0790.jpg,textile_0790.jpg,Nominal,0.501,0.499,"Image textile_0284.jpg: An image of a textile material with consistent weave patterns, showing no visible defects or irregularities.","Image textile_0093.jpg: An image of a textile material with a small localized defect, disrupting the otherwise consistent weave pattern."
2024-11-16T04:55:39.129439,20,textile_0358.jpg,textile_0358.jpg,Defective,0.5,0.5,"Image textile_0159.jpg: An image of a textile material with consistent weave patterns, showing no visible defects or irregularities.","Image textile_0368.jpg: An image of a textile material with a small localized defect, disrupting the otherwise consistent weave pattern."
2024-11-16T04:55:39.139621,20,textile_0644.jpg,textile_0644.jpg,Defective,0.499,0.501,"Image textile_0159.jpg: An image of a textile material with consistent weave patterns, showing no visible defects or irregularities.","Image textile_0020.jpg: An image of a textile material with a small localized defect, disrupting the otherwise consistent weave pattern."
2024-11-16T04:55:39.149824,20,textile_0427.jpg,textile_0427.jpg,Nominal,0.5,0.5,"Image textile_0338.jpg: An image of a textile material with consistent weave patterns, showing no visible defects or irregularities.","Image textile_0368.jpg: An image of a textile material with a small localized defect, disrupting the otherwise consistent weave pattern."
2024-11-16T04:55:39.159974,20,textile_0478.jpg,textile_0478.jpg,Defective,0.5,0.5,"Image textile_0159.jpg: An image of a textile material with consistent weave patterns, showing no visible defects or irregularities.","Image textile_0368.jpg: An image of a textile material with a small localized defect, disrupting the otherwise consistent weave pattern."
2024-11-16T04:55:39.170140,20,textile_0128.jpg,textile_0128.jpg,Nominal,0.5,0.5,"Image textile_0284.jpg: An image of a textile material with consistent weave patterns, showing no visible defects or irregularities.","Image textile_0018.jpg: An image of a textile material with a small localized defect, disrupting the otherwise consistent weave pattern."
2024-11-16T04:55:39.180292,20,textile_0743.jpg,textile_0743.jpg,Nominal,0.5,0.5,"Image textile_0284.jpg: An image of a textile material with consistent weave patterns, showing no visible defects or irregularities.","Image textile_0368.jpg: An image of a textile material with a small localized defect, disrupting the otherwise consistent weave pattern."
2024-11-16T04:55:39.190583,20,textile_0762.jpg,textile_0762.jpg,Nominal,0.5,0.5,"Image textile_0015.jpg: An image of a textile material with consistent weave patterns, showing no visible defects or irregularities.","Image textile_0093.jpg: An image of a textile material with a small localized defect, disrupting the otherwise consistent weave pattern."
2024-11-16T04:55:39.200762,20,textile_0143.jpg,textile_0143.jpg,Nominal,0.5,0.5,"Image textile_0048.jpg: An image of a textile material with consistent weave patterns, showing no visible defects or irregularities.","Image textile_0142.jpg: An image of a textile material with a small localized defect, disrupting the otherwise consistent weave pattern."
2024-11-16T04:55:39.210894,20,textile_0782.jpg,textile_0782.jpg,Defective,0.5,0.5,"Image textile_0006.jpg: An image of a textile material with consistent weave patterns, showing no visible defects or irregularities.","Image textile_0018.jpg: An image of a textile material with a small localized defect, disrupting the otherwise consistent weave pattern."
2024-11-16T04:55:39.221071,20,textile_0335.jpg,textile_0335.jpg,Nominal,0.501,0.499,"Image textile_0114.jpg: An image of a textile material with consistent weave patterns, showing no visible defects or irregularities.","Image textile_0093.jpg: An image of a textile material with a small localized defect, disrupting the otherwise consistent weave pattern."
2024-11-16T04:55:39.231645,20,textile_0400.jpg,textile_0400.jpg,Nominal,0.503,0.497,"Image textile_0788.jpg: An image of a textile material with consistent weave patterns, showing no visible defects or irregularities.","Image textile_0093.jpg: An image of a textile material with a small localized defect, disrupting the otherwise consistent weave pattern."
2024-11-16T04:55:39.241835,20,textile_0972.jpg,textile_0972.jpg,Defective,0.5,0.5,"Image textile_0303.jpg: An image of a textile material with consistent weave patterns, showing no visible defects or irregularities.","Image textile_0412.jpg: An image of a textile material with a small localized defect, disrupting the otherwise consistent weave pattern."
2024-11-16T04:55:39.252056,20,textile_0354.jpg,textile_0354.jpg,Nominal,0.501,0.499,"Image textile_0642.jpg: An image of a textile material with consistent weave patterns, showing no visible defects or irregularities.","Image textile_0093.jpg: An image of a textile material with a small localized defect, disrupting the otherwise consistent weave pattern."
2024-11-16T04:55:39.262294,20,textile_0813.jpg,textile_0813.jpg,Defective,0.5,0.5,"Image textile_0015.jpg: An image of a textile material with consistent weave patterns, showing no visible defects or irregularities.","Image textile_0434.jpg: An image of a textile material with a small localized defect, disrupting the otherwise consistent weave pattern."
2024-11-16T04:55:39.272423,20,textile_0995.jpg,textile_0995.jpg,Nominal,0.5,0.5,"Image textile_0284.jpg: An image of a textile material with consistent weave patterns, showing no visible defects or irregularities.","Image textile_0020.jpg: An image of a textile material with a small localized defect, disrupting the otherwise consistent weave pattern."
2024-11-16T04:55:39.282590,20,textile_0334.jpg,textile_0334.jpg,Nominal,0.5,0.5,"Image textile_0303.jpg: An image of a textile material with consistent weave patterns, showing no visible defects or irregularities.","Image textile_0426.jpg: An image of a textile material with a small localized defect, disrupting the otherwise consistent weave pattern."
2024-11-16T04:55:39.292717,20,textile_0438.jpg,textile_0438.jpg,Nominal,0.5,0.5,"Image textile_0048.jpg: An image of a textile material with consistent weave patterns, showing no visible defects or irregularities.","Image textile_0142.jpg: An image of a textile material with a small localized defect, disrupting the otherwise consistent weave pattern."
2024-11-16T04:55:39.302826,20,textile_0425.jpg,textile_0425.jpg,Nominal,0.501,0.499,"Image textile_0688.jpg: An image of a textile material with consistent weave patterns, showing no visible defects or irregularities.","Image textile_0142.jpg: An image of a textile material with a small localized defect, disrupting the otherwise consistent weave pattern."
2024-11-16T04:55:39.313008,20,textile_0325.jpg,textile_0325.jpg,Nominal,0.501,0.499,"Image textile_0015.jpg: An image of a textile material with consistent weave patterns, showing no visible defects or irregularities.","Image textile_0093.jpg: An image of a textile material with a small localized defect, disrupting the otherwise consistent weave pattern."
2024-11-16T04:55:39.323132,20,textile_0582.jpg,textile_0582.jpg,Nominal,0.5,0.5,"Image textile_0284.jpg: An image of a textile material with consistent weave patterns, showing no visible defects or irregularities.","Image textile_0116.jpg: An image of a textile material with a small localized defect, disrupting the otherwise consistent weave pattern."
2024-11-16T04:55:39.333259,20,textile_0220.jpg,textile_0220.jpg,Nominal,0.5,0.5,"Image textile_0284.jpg: An image of a textile material with consistent weave patterns, showing no visible defects or irregularities.","Image textile_0018.jpg: An image of a textile material with a small localized defect, disrupting the otherwise consistent weave pattern."
2024-11-16T04:55:39.343389,20,textile_0927.jpg,textile_0927.jpg,Nominal,0.5,0.5,"Image textile_0048.jpg: An image of a textile material with consistent weave patterns, showing no visible defects or irregularities.","Image textile_0434.jpg: An image of a textile material with a small localized defect, disrupting the otherwise consistent weave pattern."
2024-11-16T04:55:39.353601,20,textile_0953.jpg,textile_0953.jpg,Nominal,0.5,0.5,"Image textile_0284.jpg: An image of a textile material with consistent weave patterns, showing no visible defects or irregularities.","Image textile_0434.jpg: An image of a textile material with a small localized defect, disrupting the otherwise consistent weave pattern."
2024-11-16T04:55:39.363863,20,textile_0417.jpg,textile_0417.jpg,Nominal,0.505,0.495,"Image textile_0788.jpg: An image of a textile material with consistent weave patterns, showing no visible defects or irregularities.","Image textile_0093.jpg: An image of a textile material with a small localized defect, disrupting the otherwise consistent weave pattern."
2024-11-16T04:55:39.373990,20,textile_0235.jpg,textile_0235.jpg,Nominal,0.5,0.5,"Image textile_0284.jpg: An image of a textile material with consistent weave patterns, showing no visible defects or irregularities.","Image textile_0434.jpg: An image of a textile material with a small localized defect, disrupting the otherwise consistent weave pattern."
2024-11-16T04:55:39.384126,20,textile_0210.jpg,textile_0210.jpg,Nominal,0.5,0.5,"Image textile_0284.jpg: An image of a textile material with consistent weave patterns, showing no visible defects or irregularities.","Image textile_0018.jpg: An image of a textile material with a small localized defect, disrupting the otherwise consistent weave pattern."
2024-11-16T04:55:39.394290,20,textile_0042.jpg,textile_0042.jpg,Nominal,0.501,0.499,"Image textile_0159.jpg: An image of a textile material with consistent weave patterns, showing no visible defects or irregularities.","Image textile_0020.jpg: An image of a textile material with a small localized defect, disrupting the otherwise consistent weave pattern."
2024-11-16T04:55:39.404437,20,textile_0768.jpg,textile_0768.jpg,Defective,0.5,0.5,"Image textile_0284.jpg: An image of a textile material with consistent weave patterns, showing no visible defects or irregularities.","Image textile_0434.jpg: An image of a textile material with a small localized defect, disrupting the otherwise consistent weave pattern."
2024-11-16T04:55:39.414569,20,textile_0231.jpg,textile_0231.jpg,Nominal,0.501,0.499,"Image textile_0284.jpg: An image of a textile material with consistent weave patterns, showing no visible defects or irregularities.","Image textile_0093.jpg: An image of a textile material with a small localized defect, disrupting the otherwise consistent weave pattern."
2024-11-16T04:55:39.424681,20,textile_0781.jpg,textile_0781.jpg,Nominal,0.5,0.5,"Image textile_0766.jpg: An image of a textile material with consistent weave patterns, showing no visible defects or irregularities.","Image textile_0142.jpg: An image of a textile material with a small localized defect, disrupting the otherwise consistent weave pattern."
2024-11-16T04:55:39.434978,20,textile_0020.jpg,textile_0020.jpg,Nominal,0.5,0.5,"Image textile_0048.jpg: An image of a textile material with consistent weave patterns, showing no visible defects or irregularities.","Image textile_0142.jpg: An image of a textile material with a small localized defect, disrupting the otherwise consistent weave pattern."
2024-11-16T04:55:39.445149,20,textile_0887.jpg,textile_0887.jpg,Nominal,0.5,0.5,"Image textile_0015.jpg: An image of a textile material with consistent weave patterns, showing no visible defects or irregularities.","Image textile_0093.jpg: An image of a textile material with a small localized defect, disrupting the otherwise consistent weave pattern."
2024-11-16T04:55:39.455443,20,textile_0266.jpg,textile_0266.jpg,Nominal,0.5,0.5,"Image textile_0284.jpg: An image of a textile material with consistent weave patterns, showing no visible defects or irregularities.","Image textile_0434.jpg: An image of a textile material with a small localized defect, disrupting the otherwise consistent weave pattern."
2024-11-16T04:55:39.465642,20,textile_0865.jpg,textile_0865.jpg,Nominal,0.501,0.499,"Image textile_0015.jpg: An image of a textile material with consistent weave patterns, showing no visible defects or irregularities.","Image textile_0368.jpg: An image of a textile material with a small localized defect, disrupting the otherwise consistent weave pattern."
2024-11-16T04:55:39.475854,20,textile_0518.jpg,textile_0518.jpg,Nominal,0.5,0.5,"Image textile_0114.jpg: An image of a textile material with consistent weave patterns, showing no visible defects or irregularities.","Image textile_0020.jpg: An image of a textile material with a small localized defect, disrupting the otherwise consistent weave pattern."
2024-11-16T04:55:39.485961,20,textile_0327.jpg,textile_0327.jpg,Nominal,0.501,0.499,"Image textile_0694.jpg: An image of a textile material with consistent weave patterns, showing no visible defects or irregularities.","Image textile_0116.jpg: An image of a textile material with a small localized defect, disrupting the otherwise consistent weave pattern."
2024-11-16T04:55:39.496107,20,textile_0791.jpg,textile_0791.jpg,Defective,0.5,0.5,"Image textile_0284.jpg: An image of a textile material with consistent weave patterns, showing no visible defects or irregularities.","Image textile_0426.jpg: An image of a textile material with a small localized defect, disrupting the otherwise consistent weave pattern."
2024-11-16T04:55:39.506221,20,textile_0584.jpg,textile_0584.jpg,Defective,0.499,0.501,"Image textile_0006.jpg: An image of a textile material with consistent weave patterns, showing no visible defects or irregularities.","Image textile_0412.jpg: An image of a textile material with a small localized defect, disrupting the otherwise consistent weave pattern."
2024-11-16T04:55:39.516367,20,textile_0824.jpg,textile_0824.jpg,Nominal,0.5,0.5,"Image textile_0284.jpg: An image of a textile material with consistent weave patterns, showing no visible defects or irregularities.","Image textile_0018.jpg: An image of a textile material with a small localized defect, disrupting the otherwise consistent weave pattern."
2024-11-16T04:55:39.526478,20,textile_0723.jpg,textile_0723.jpg,Defective,0.5,0.5,"Image textile_0991.jpg: An image of a textile material with consistent weave patterns, showing no visible defects or irregularities.","Image textile_0018.jpg: An image of a textile material with a small localized defect, disrupting the otherwise consistent weave pattern."
2024-11-16T04:55:39.538882,20,textile_0432.jpg,textile_0432.jpg,Nominal,0.5,0.5,"Image textile_0766.jpg: An image of a textile material with consistent weave patterns, showing no visible defects or irregularities.","Image textile_0018.jpg: An image of a textile material with a small localized defect, disrupting the otherwise consistent weave pattern."
2024-11-16T04:55:39.549026,20,textile_0629.jpg,textile_0629.jpg,Nominal,0.5,0.5,"Image textile_0048.jpg: An image of a textile material with consistent weave patterns, showing no visible defects or irregularities.","Image textile_0093.jpg: An image of a textile material with a small localized defect, disrupting the otherwise consistent weave pattern."
2024-11-16T04:55:39.559162,20,textile_0115.jpg,textile_0115.jpg,Defective,0.5,0.5,"Image textile_0048.jpg: An image of a textile material with consistent weave patterns, showing no visible defects or irregularities.","Image textile_0142.jpg: An image of a textile material with a small localized defect, disrupting the otherwise consistent weave pattern."
2024-11-16T04:55:39.569332,20,textile_0340.jpg,textile_0340.jpg,Nominal,0.5,0.5,"Image textile_0694.jpg: An image of a textile material with consistent weave patterns, showing no visible defects or irregularities.","Image textile_0116.jpg: An image of a textile material with a small localized defect, disrupting the otherwise consistent weave pattern."
2024-11-16T04:55:39.582674,20,textile_0872.jpg,textile_0872.jpg,Nominal,0.501,0.499,"Image textile_0015.jpg: An image of a textile material with consistent weave patterns, showing no visible defects or irregularities.","Image textile_0093.jpg: An image of a textile material with a small localized defect, disrupting the otherwise consistent weave pattern."
2024-11-16T04:55:39.595776,20,textile_0957.jpg,textile_0957.jpg,Nominal,0.5,0.5,"Image textile_0155.jpg: An image of a textile material with consistent weave patterns, showing no visible defects or irregularities.","Image textile_0093.jpg: An image of a textile material with a small localized defect, disrupting the otherwise consistent weave pattern."
2024-11-16T04:55:39.606868,20,textile_0622.jpg,textile_0622.jpg,Nominal,0.5,0.5,"Image textile_0766.jpg: An image of a textile material with consistent weave patterns, showing no visible defects or irregularities.","Image textile_0093.jpg: An image of a textile material with a small localized defect, disrupting the otherwise consistent weave pattern."
2024-11-16T04:55:39.616982,20,textile_0800.jpg,textile_0800.jpg,Defective,0.5,0.5,"Image textile_0766.jpg: An image of a textile material with consistent weave patterns, showing no visible defects or irregularities.","Image textile_0434.jpg: An image of a textile material with a small localized defect, disrupting the otherwise consistent weave pattern."
2024-11-16T04:55:39.627089,20,textile_0237.jpg,textile_0237.jpg,Nominal,0.5,0.5,"Image textile_0284.jpg: An image of a textile material with consistent weave patterns, showing no visible defects or irregularities.","Image textile_0093.jpg: An image of a textile material with a small localized defect, disrupting the otherwise consistent weave pattern."
2024-11-16T04:55:39.637340,20,textile_0121.jpg,textile_0121.jpg,Defective,0.5,0.5,"Image textile_0688.jpg: An image of a textile material with consistent weave patterns, showing no visible defects or irregularities.","Image textile_0020.jpg: An image of a textile material with a small localized defect, disrupting the otherwise consistent weave pattern."
2024-11-16T04:55:39.647477,20,textile_0238.jpg,textile_0238.jpg,Defective,0.498,0.502,"Image textile_0006.jpg: An image of a textile material with consistent weave patterns, showing no visible defects or irregularities.","Image textile_0153.jpg: A textile pattern with a slight overall distortion from our baseline textile, causing a uniform shift across the entire surface."
2024-11-16T04:55:39.657629,20,textile_0188.jpg,textile_0188.jpg,Defective,0.5,0.5,"Image textile_0284.jpg: An image of a textile material with consistent weave patterns, showing no visible defects or irregularities.","Image textile_0120.jpg: A textile pattern with a slight overall distortion from our baseline textile, causing a uniform shift across the entire surface."
2024-11-16T04:55:39.667762,20,textile_0070.jpg,textile_0070.jpg,Defective,0.498,0.502,"Image textile_0338.jpg: An image of a textile material with consistent weave patterns, showing no visible defects or irregularities.","Image textile_0120.jpg: A textile pattern with a slight overall distortion from our baseline textile, causing a uniform shift across the entire surface."
2024-11-16T04:55:39.677908,20,textile_0104.jpg,textile_0104.jpg,Defective,0.499,0.501,"Image textile_0694.jpg: An image of a textile material with consistent weave patterns, showing no visible defects or irregularities.","Image textile_0222.jpg: A textile pattern with a slight overall distortion from our baseline textile, causing a uniform shift across the entire surface."
2024-11-16T04:55:39.688035,20,textile_0189.jpg,textile_0189.jpg,Defective,0.498,0.502,"Image textile_0006.jpg: An image of a textile material with consistent weave patterns, showing no visible defects or irregularities.","Image textile_0155.jpg: A textile pattern with a slight overall distortion from our baseline textile, causing a uniform shift across the entire surface."
2024-11-16T04:55:39.698157,20,textile_0253.jpg,textile_0253.jpg,Nominal,0.5,0.5,"Image textile_0015.jpg: An image of a textile material with consistent weave patterns, showing no visible defects or irregularities.","Image textile_0416.jpg: A textile pattern with a slight overall distortion from our baseline textile, causing a uniform shift across the entire surface."
2024-11-16T04:55:39.708337,20,textile_0305.jpg,textile_0305.jpg,Defective,0.499,0.501,"Image textile_0303.jpg: An image of a textile material with consistent weave patterns, showing no visible defects or irregularities.","Image textile_0155.jpg: A textile pattern with a slight overall distortion from our baseline textile, causing a uniform shift across the entire surface."
2024-11-16T04:55:39.718498,20,textile_0429.jpg,textile_0429.jpg,Defective,0.498,0.502,"Image textile_0284.jpg: An image of a textile material with consistent weave patterns, showing no visible defects or irregularities.","Image textile_0411.jpg: A textile pattern with a slight overall distortion from our baseline textile, causing a uniform shift across the entire surface."
2024-11-16T04:55:39.729782,20,textile_0322.jpg,textile_0322.jpg,Defective,0.497,0.503,"Image textile_0006.jpg: An image of a textile material with consistent weave patterns, showing no visible defects or irregularities.","Image textile_0155.jpg: A textile pattern with a slight overall distortion from our baseline textile, causing a uniform shift across the entire surface."
2024-11-16T04:55:39.740516,20,textile_0073.jpg,textile_0073.jpg,Defective,0.499,0.501,"Image textile_0688.jpg: An image of a textile material with consistent weave patterns, showing no visible defects or irregularities.","Image textile_0193.jpg: A textile pattern with a slight overall distortion from our baseline textile, causing a uniform shift across the entire surface."
2024-11-16T04:55:39.750829,20,textile_0135.jpg,textile_0135.jpg,Defective,0.499,0.501,"Image textile_0688.jpg: An image of a textile material with consistent weave patterns, showing no visible defects or irregularities.","Image textile_0020.jpg: An image of a textile material with a small localized defect, disrupting the otherwise consistent weave pattern."
2024-11-16T04:55:39.760955,20,textile_0199.jpg,textile_0199.jpg,Defective,0.497,0.503,"Image textile_0303.jpg: An image of a textile material with consistent weave patterns, showing no visible defects or irregularities.","Image textile_0411.jpg: A textile pattern with a slight overall distortion from our baseline textile, causing a uniform shift across the entire surface."
2024-11-16T04:55:39.771103,20,textile_0320.jpg,textile_0320.jpg,Defective,0.5,0.5,"Image textile_0688.jpg: An image of a textile material with consistent weave patterns, showing no visible defects or irregularities.","Image textile_0142.jpg: An image of a textile material with a small localized defect, disrupting the otherwise consistent weave pattern."
2024-11-16T04:55:39.781324,20,textile_0173.jpg,textile_0173.jpg,Defective,0.498,0.502,"Image textile_0006.jpg: An image of a textile material with consistent weave patterns, showing no visible defects or irregularities.","Image textile_0155.jpg: A textile pattern with a slight overall distortion from our baseline textile, causing a uniform shift across the entire surface."
2024-11-16T04:55:39.791552,20,textile_0172.jpg,textile_0172.jpg,Defective,0.499,0.501,"Image textile_0991.jpg: An image of a textile material with consistent weave patterns, showing no visible defects or irregularities.","Image textile_0155.jpg: A textile pattern with a slight overall distortion from our baseline textile, causing a uniform shift across the entire surface."
2024-11-16T04:55:39.801791,20,textile_0482.jpg,textile_0482.jpg,Defective,0.499,0.501,"Image textile_0688.jpg: An image of a textile material with consistent weave patterns, showing no visible defects or irregularities.","Image textile_0416.jpg: A textile pattern with a slight overall distortion from our baseline textile, causing a uniform shift across the entire surface."
2024-11-16T04:55:39.811985,20,textile_0363.jpg,textile_0363.jpg,Defective,0.499,0.501,"Image textile_0694.jpg: An image of a textile material with consistent weave patterns, showing no visible defects or irregularities.","Image textile_0155.jpg: A textile pattern with a slight overall distortion from our baseline textile, causing a uniform shift across the entire surface."
2024-11-16T04:55:39.822151,20,textile_0365.jpg,textile_0365.jpg,Defective,0.499,0.501,"Image textile_0688.jpg: An image of a textile material with consistent weave patterns, showing no visible defects or irregularities.","Image textile_0193.jpg: A textile pattern with a slight overall distortion from our baseline textile, causing a uniform shift across the entire surface."
2024-11-16T04:55:39.832329,20,textile_0239.jpg,textile_0239.jpg,Defective,0.498,0.502,"Image textile_0830.jpg: An image of a textile material with consistent weave patterns, showing no visible defects or irregularities.","Image textile_0155.jpg: A textile pattern with a slight overall distortion from our baseline textile, causing a uniform shift across the entire surface."
2024-11-16T04:55:39.842754,20,textile_0441.jpg,textile_0441.jpg,Defective,0.498,0.502,"Image textile_0688.jpg: An image of a textile material with consistent weave patterns, showing no visible defects or irregularities.","Image textile_0120.jpg: A textile pattern with a slight overall distortion from our baseline textile, causing a uniform shift across the entire surface."
2024-11-16T04:55:39.852894,20,textile_0087.jpg,textile_0087.jpg,Defective,0.498,0.502,"Image textile_0284.jpg: An image of a textile material with consistent weave patterns, showing no visible defects or irregularities.","Image textile_0155.jpg: A textile pattern with a slight overall distortion from our baseline textile, causing a uniform shift across the entire surface."
2024-11-16T04:55:39.863056,20,textile_0351.jpg,textile_0351.jpg,Defective,0.5,0.5,"Image textile_0688.jpg: An image of a textile material with consistent weave patterns, showing no visible defects or irregularities.","Image textile_0142.jpg: An image of a textile material with a small localized defect, disrupting the otherwise consistent weave pattern."
2024-11-16T04:55:39.873183,20,textile_0357.jpg,textile_0357.jpg,Defective,0.498,0.502,"Image textile_0303.jpg: An image of a textile material with consistent weave patterns, showing no visible defects or irregularities.","Image textile_0499.jpg: A textile pattern with a slight overall distortion from our baseline textile, causing a uniform shift across the entire surface."
2024-11-16T04:55:39.883488,20,textile_0394.jpg,textile_0394.jpg,Defective,0.499,0.501,"Image textile_0284.jpg: An image of a textile material with consistent weave patterns, showing no visible defects or irregularities.","Image textile_0120.jpg: A textile pattern with a slight overall distortion from our baseline textile, causing a uniform shift across the entire surface."
2024-11-16T04:55:39.894327,20,textile_0068.jpg,textile_0068.jpg,Defective,0.499,0.501,"Image textile_0688.jpg: An image of a textile material with consistent weave patterns, showing no visible defects or irregularities.","Image textile_0416.jpg: A textile pattern with a slight overall distortion from our baseline textile, causing a uniform shift across the entire surface."
2024-11-16T04:55:39.904782,20,textile_0170.jpg,textile_0170.jpg,Defective,0.5,0.5,"Image textile_0015.jpg: An image of a textile material with consistent weave patterns, showing no visible defects or irregularities.","Image textile_0142.jpg: An image of a textile material with a small localized defect, disrupting the otherwise consistent weave pattern."
2024-11-16T04:55:39.914907,20,textile_0474.jpg,textile_0474.jpg,Defective,0.499,0.501,"Image textile_0284.jpg: An image of a textile material with consistent weave patterns, showing no visible defects or irregularities.","Image textile_0155.jpg: A textile pattern with a slight overall distortion from our baseline textile, causing a uniform shift across the entire surface."
2024-11-16T04:55:39.925060,20,textile_0106.jpg,textile_0106.jpg,Defective,0.498,0.502,"Image textile_0303.jpg: An image of a textile material with consistent weave patterns, showing no visible defects or irregularities.","Image textile_0411.jpg: A textile pattern with a slight overall distortion from our baseline textile, causing a uniform shift across the entire surface."
2024-11-16T04:55:39.935243,20,textile_0298.jpg,textile_0298.jpg,Defective,0.497,0.503,"Image textile_0303.jpg: An image of a textile material with consistent weave patterns, showing no visible defects or irregularities.","Image textile_0222.jpg: A textile pattern with a slight overall distortion from our baseline textile, causing a uniform shift across the entire surface."
2024-11-16T04:55:39.945952,20,textile_0352.jpg,textile_0352.jpg,Defective,0.499,0.501,"Image textile_0694.jpg: An image of a textile material with consistent weave patterns, showing no visible defects or irregularities.","Image textile_0033.jpg: A textile pattern with a slight overall distortion from our baseline textile, causing a uniform shift across the entire surface."
2024-11-16T04:55:39.956469,20,textile_0034.jpg,textile_0034.jpg,Defective,0.497,0.503,"Image textile_0303.jpg: An image of a textile material with consistent weave patterns, showing no visible defects or irregularities.","Image textile_0499.jpg: A textile pattern with a slight overall distortion from our baseline textile, causing a uniform shift across the entire surface."
2024-11-16T04:55:39.966664,20,textile_0051.jpg,textile_0051.jpg,Defective,0.499,0.501,"Image textile_0006.jpg: An image of a textile material with consistent weave patterns, showing no visible defects or irregularities.","Image textile_0155.jpg: A textile pattern with a slight overall distortion from our baseline textile, causing a uniform shift across the entire surface."
2024-11-16T04:55:39.976809,20,textile_0432.jpg,textile_0432.jpg,Defective,0.498,0.502,"Image textile_0284.jpg: An image of a textile material with consistent weave patterns, showing no visible defects or irregularities.","Image textile_0155.jpg: A textile pattern with a slight overall distortion from our baseline textile, causing a uniform shift across the entire surface."
2024-11-16T04:55:39.986954,20,textile_0089.jpg,textile_0089.jpg,Nominal,0.5,0.5,"Image textile_0155.jpg: An image of a textile material with consistent weave patterns, showing no visible defects or irregularities.","Image textile_0416.jpg: A textile pattern with a slight overall distortion from our baseline textile, causing a uniform shift across the entire surface."
2024-11-16T04:55:39.997090,20,textile_0003.jpg,textile_0003.jpg,Defective,0.498,0.502,"Image textile_0006.jpg: An image of a textile material with consistent weave patterns, showing no visible defects or irregularities.","Image textile_0155.jpg: A textile pattern with a slight overall distortion from our baseline textile, causing a uniform shift across the entire surface."
2024-11-16T04:55:40.007319,20,textile_0461.jpg,textile_0461.jpg,Nominal,0.5,0.5,"Image textile_0015.jpg: An image of a textile material with consistent weave patterns, showing no visible defects or irregularities.","Image textile_0120.jpg: A textile pattern with a slight overall distortion from our baseline textile, causing a uniform shift across the entire surface."
2024-11-16T04:55:40.017515,20,textile_0078.jpg,textile_0078.jpg,Defective,0.498,0.502,"Image textile_0303.jpg: An image of a textile material with consistent weave patterns, showing no visible defects or irregularities.","Image textile_0454.jpg: A textile pattern with a slight overall distortion from our baseline textile, causing a uniform shift across the entire surface."
2024-11-16T04:55:40.027793,20,textile_0225.jpg,textile_0225.jpg,Defective,0.498,0.502,"Image textile_0284.jpg: An image of a textile material with consistent weave patterns, showing no visible defects or irregularities.","Image textile_0155.jpg: A textile pattern with a slight overall distortion from our baseline textile, causing a uniform shift across the entire surface."
2024-11-16T04:55:40.037950,20,textile_0361.jpg,textile_0361.jpg,Nominal,0.5,0.5,"Image textile_0284.jpg: An image of a textile material with consistent weave patterns, showing no visible defects or irregularities.","Image textile_0155.jpg: A textile pattern with a slight overall distortion from our baseline textile, causing a uniform shift across the entire surface."
2024-11-16T04:55:40.048166,20,textile_0180.jpg,textile_0180.jpg,Defective,0.497,0.503,"Image textile_0006.jpg: An image of a textile material with consistent weave patterns, showing no visible defects or irregularities.","Image textile_0155.jpg: A textile pattern with a slight overall distortion from our baseline textile, causing a uniform shift across the entire surface."
2024-11-16T04:55:40.058287,20,textile_0118.jpg,textile_0118.jpg,Defective,0.498,0.502,"Image textile_0006.jpg: An image of a textile material with consistent weave patterns, showing no visible defects or irregularities.","Image textile_0193.jpg: A textile pattern with a slight overall distortion from our baseline textile, causing a uniform shift across the entire surface."
2024-11-16T04:55:40.068867,20,textile_0042.jpg,textile_0042.jpg,Defective,0.498,0.502,"Image textile_0006.jpg: An image of a textile material with consistent weave patterns, showing no visible defects or irregularities.","Image textile_0193.jpg: A textile pattern with a slight overall distortion from our baseline textile, causing a uniform shift across the entire surface."
2024-11-16T04:55:40.079355,20,textile_0101.jpg,textile_0101.jpg,Defective,0.499,0.501,"Image textile_0688.jpg: An image of a textile material with consistent weave patterns, showing no visible defects or irregularities.","Image textile_0416.jpg: A textile pattern with a slight overall distortion from our baseline textile, causing a uniform shift across the entire surface."
2024-11-16T04:55:40.089592,20,textile_0412.jpg,textile_0412.jpg,Defective,0.497,0.503,"Image textile_0284.jpg: An image of a textile material with consistent weave patterns, showing no visible defects or irregularities.","Image textile_0153.jpg: A textile pattern with a slight overall distortion from our baseline textile, causing a uniform shift across the entire surface."
2024-11-16T04:55:40.100217,20,textile_0146.jpg,textile_0146.jpg,Defective,0.499,0.501,"Image textile_0006.jpg: An image of a textile material with consistent weave patterns, showing no visible defects or irregularities.","Image textile_0193.jpg: A textile pattern with a slight overall distortion from our baseline textile, causing a uniform shift across the entire surface."
2024-11-16T04:55:40.110588,20,textile_0123.jpg,textile_0123.jpg,Defective,0.496,0.504,"Image textile_0284.jpg: An image of a textile material with consistent weave patterns, showing no visible defects or irregularities.","Image textile_0153.jpg: A textile pattern with a slight overall distortion from our baseline textile, causing a uniform shift across the entire surface."
2024-11-16T04:55:40.120783,20,textile_0356.jpg,textile_0356.jpg,Defective,0.497,0.503,"Image textile_0694.jpg: An image of a textile material with consistent weave patterns, showing no visible defects or irregularities.","Image textile_0411.jpg: A textile pattern with a slight overall distortion from our baseline textile, causing a uniform shift across the entire surface."
2024-11-16T04:55:40.130905,20,textile_0237.jpg,textile_0237.jpg,Defective,0.499,0.501,"Image textile_0688.jpg: An image of a textile material with consistent weave patterns, showing no visible defects or irregularities.","Image textile_0416.jpg: A textile pattern with a slight overall distortion from our baseline textile, causing a uniform shift across the entire surface."
2024-11-16T04:55:40.141396,20,textile_0309.jpg,textile_0309.jpg,Defective,0.498,0.502,"Image textile_0694.jpg: An image of a textile material with consistent weave patterns, showing no visible defects or irregularities.","Image textile_0155.jpg: A textile pattern with a slight overall distortion from our baseline textile, causing a uniform shift across the entire surface."
2024-11-16T04:55:40.151540,20,textile_0135.jpg,textile_0135.jpg,Defective,0.5,0.5,"Image textile_0284.jpg: An image of a textile material with consistent weave patterns, showing no visible defects or irregularities.","Image textile_0116.jpg: An image of a textile material with a small localized defect, disrupting the otherwise consistent weave pattern."
2024-11-16T04:55:40.161727,20,textile_0247.jpg,textile_0247.jpg,Nominal,0.5,0.5,"Image textile_0284.jpg: An image of a textile material with consistent weave patterns, showing no visible defects or irregularities.","Image textile_0020.jpg: An image of a textile material with a small localized defect, disrupting the otherwise consistent weave pattern."
2024-11-16T04:55:40.171831,20,textile_0269.jpg,textile_0269.jpg,Nominal,0.5,0.5,"Image textile_0688.jpg: An image of a textile material with consistent weave patterns, showing no visible defects or irregularities.","Image textile_0434.jpg: An image of a textile material with a small localized defect, disrupting the otherwise consistent weave pattern."
2024-11-16T04:55:40.181936,20,textile_0451.jpg,textile_0451.jpg,Nominal,0.5,0.5,"Image textile_0873.jpg: An image of a textile material with consistent weave patterns, showing no visible defects or irregularities.","Image textile_0093.jpg: An image of a textile material with a small localized defect, disrupting the otherwise consistent weave pattern."
2024-11-16T04:55:40.192105,20,textile_0224.jpg,textile_0224.jpg,Nominal,0.5,0.5,"Image textile_0284.jpg: An image of a textile material with consistent weave patterns, showing no visible defects or irregularities.","Image textile_0434.jpg: An image of a textile material with a small localized defect, disrupting the otherwise consistent weave pattern."
2024-11-16T04:55:40.202234,20,textile_0340.jpg,textile_0340.jpg,Nominal,0.5,0.5,"Image textile_0015.jpg: An image of a textile material with consistent weave patterns, showing no visible defects or irregularities.","Image textile_0093.jpg: An image of a textile material with a small localized defect, disrupting the otherwise consistent weave pattern."
2024-11-16T04:55:40.212329,20,textile_0498.jpg,textile_0498.jpg,Nominal,0.501,0.499,"Image textile_0159.jpg: An image of a textile material with consistent weave patterns, showing no visible defects or irregularities.","Image textile_0368.jpg: An image of a textile material with a small localized defect, disrupting the otherwise consistent weave pattern."
2024-11-16T04:55:40.222556,20,textile_0213.jpg,textile_0213.jpg,Nominal,0.501,0.499,"Image textile_0338.jpg: An image of a textile material with consistent weave patterns, showing no visible defects or irregularities.","Image textile_0093.jpg: An image of a textile material with a small localized defect, disrupting the otherwise consistent weave pattern."
2024-11-16T04:55:40.232785,20,textile_0103.jpg,textile_0103.jpg,Nominal,0.501,0.499,"Image textile_0736.jpg: An image of a textile material with consistent weave patterns, showing no visible defects or irregularities.","Image textile_0075.jpg: An image of a textile material with a small localized defect, disrupting the otherwise consistent weave pattern."
2024-11-16T04:55:40.242944,20,textile_0432.jpg,textile_0432.jpg,Defective,0.5,0.5,"Image textile_0284.jpg: An image of a textile material with consistent weave patterns, showing no visible defects or irregularities.","Image textile_0116.jpg: An image of a textile material with a small localized defect, disrupting the otherwise consistent weave pattern."
2024-11-16T04:55:40.253098,20,textile_0037.jpg,textile_0037.jpg,Nominal,0.5,0.5,"Image textile_0159.jpg: An image of a textile material with consistent weave patterns, showing no visible defects or irregularities.","Image textile_0020.jpg: An image of a textile material with a small localized defect, disrupting the otherwise consistent weave pattern."
2024-11-16T04:55:40.263360,20,textile_0155.jpg,textile_0155.jpg,Nominal,0.5,0.5,"Image textile_0694.jpg: An image of a textile material with consistent weave patterns, showing no visible defects or irregularities.","Image textile_0426.jpg: An image of a textile material with a small localized defect, disrupting the otherwise consistent weave pattern."
2024-11-16T04:55:40.273479,20,textile_0143.jpg,textile_0143.jpg,Nominal,0.5,0.5,"Image textile_0766.jpg: An image of a textile material with consistent weave patterns, showing no visible defects or irregularities.","Image textile_0142.jpg: An image of a textile material with a small localized defect, disrupting the otherwise consistent weave pattern."
2024-11-16T04:55:40.283639,20,textile_0070.jpg,textile_0070.jpg,Nominal,0.5,0.5,"Image textile_0284.jpg: An image of a textile material with consistent weave patterns, showing no visible defects or irregularities.","Image textile_0093.jpg: An image of a textile material with a small localized defect, disrupting the otherwise consistent weave pattern."
2024-11-16T04:55:40.293795,20,textile_0290.jpg,textile_0290.jpg,Defective,0.499,0.501,"Image textile_0284.jpg: An image of a textile material with consistent weave patterns, showing no visible defects or irregularities.","Image textile_0116.jpg: An image of a textile material with a small localized defect, disrupting the otherwise consistent weave pattern."
2024-11-16T04:55:40.303940,20,textile_0339.jpg,textile_0339.jpg,Nominal,0.501,0.499,"Image textile_0284.jpg: An image of a textile material with consistent weave patterns, showing no visible defects or irregularities.","Image textile_0093.jpg: An image of a textile material with a small localized defect, disrupting the otherwise consistent weave pattern."
2024-11-16T04:55:40.314061,20,textile_0375.jpg,textile_0375.jpg,Nominal,0.501,0.499,"Image textile_0694.jpg: An image of a textile material with consistent weave patterns, showing no visible defects or irregularities.","Image textile_0434.jpg: An image of a textile material with a small localized defect, disrupting the otherwise consistent weave pattern."
2024-11-16T04:55:40.324192,20,textile_0129.jpg,textile_0129.jpg,Nominal,0.501,0.499,"Image textile_0284.jpg: An image of a textile material with consistent weave patterns, showing no visible defects or irregularities.","Image textile_0018.jpg: An image of a textile material with a small localized defect, disrupting the otherwise consistent weave pattern."
2024-11-16T04:55:40.334331,20,textile_0270.jpg,textile_0270.jpg,Nominal,0.5,0.5,"Image textile_0284.jpg: An image of a textile material with consistent weave patterns, showing no visible defects or irregularities.","Image textile_0116.jpg: An image of a textile material with a small localized defect, disrupting the otherwise consistent weave pattern."
2024-11-16T04:55:40.344465,20,textile_0052.jpg,textile_0052.jpg,Nominal,0.5,0.5,"Image textile_0688.jpg: An image of a textile material with consistent weave patterns, showing no visible defects or irregularities.","Image textile_0142.jpg: An image of a textile material with a small localized defect, disrupting the otherwise consistent weave pattern."
2024-11-16T04:55:40.354660,20,textile_0254.jpg,textile_0254.jpg,Nominal,0.501,0.499,"Image textile_0015.jpg: An image of a textile material with consistent weave patterns, showing no visible defects or irregularities.","Image textile_0093.jpg: An image of a textile material with a small localized defect, disrupting the otherwise consistent weave pattern."
2024-11-16T04:55:40.364820,20,textile_0112.jpg,textile_0112.jpg,Defective,0.5,0.5,"Image textile_0766.jpg: An image of a textile material with consistent weave patterns, showing no visible defects or irregularities.","Image textile_0018.jpg: An image of a textile material with a small localized defect, disrupting the otherwise consistent weave pattern."
2024-11-16T04:55:40.374945,20,textile_0457.jpg,textile_0457.jpg,Defective,0.5,0.5,"Image textile_0284.jpg: An image of a textile material with consistent weave patterns, showing no visible defects or irregularities.","Image textile_0116.jpg: An image of a textile material with a small localized defect, disrupting the otherwise consistent weave pattern."
2024-11-16T04:55:40.385089,20,textile_0101.jpg,textile_0101.jpg,Defective,0.5,0.5,"Image textile_0284.jpg: An image of a textile material with consistent weave patterns, showing no visible defects or irregularities.","Image textile_0116.jpg: An image of a textile material with a small localized defect, disrupting the otherwise consistent weave pattern."
2024-11-16T04:55:40.395227,20,textile_0402.jpg,textile_0402.jpg,Nominal,0.502,0.498,"Image textile_0159.jpg: An image of a textile material with consistent weave patterns, showing no visible defects or irregularities.","Image textile_0368.jpg: An image of a textile material with a small localized defect, disrupting the otherwise consistent weave pattern."
2024-11-16T04:55:40.405372,20,textile_0199.jpg,textile_0199.jpg,Nominal,0.5,0.5,"Image textile_0338.jpg: An image of a textile material with consistent weave patterns, showing no visible defects or irregularities.","Image textile_0142.jpg: An image of a textile material with a small localized defect, disrupting the otherwise consistent weave pattern."
2024-11-16T04:55:40.415473,20,textile_0091.jpg,textile_0091.jpg,Nominal,0.5,0.5,"Image textile_0284.jpg: An image of a textile material with consistent weave patterns, showing no visible defects or irregularities.","Image textile_0155.jpg: A textile pattern with a slight overall distortion from our baseline textile, causing a uniform shift across the entire surface."
2024-11-16T04:55:40.425655,20,textile_0264.jpg,textile_0264.jpg,Defective,0.499,0.501,"Image textile_0303.jpg: An image of a textile material with consistent weave patterns, showing no visible defects or irregularities.","Image textile_0426.jpg: An image of a textile material with a small localized defect, disrupting the otherwise consistent weave pattern."
2024-11-16T04:55:40.436185,20,textile_0436.jpg,textile_0436.jpg,Nominal,0.5,0.5,"Image textile_0688.jpg: An image of a textile material with consistent weave patterns, showing no visible defects or irregularities.","Image textile_0020.jpg: An image of a textile material with a small localized defect, disrupting the otherwise consistent weave pattern."
2024-11-16T04:55:40.446338,20,textile_0115.jpg,textile_0115.jpg,Nominal,0.5,0.5,"Image textile_0048.jpg: An image of a textile material with consistent weave patterns, showing no visible defects or irregularities.","Image textile_0093.jpg: An image of a textile material with a small localized defect, disrupting the otherwise consistent weave pattern."
2024-11-16T04:55:40.456480,20,textile_0164.jpg,textile_0164.jpg,Nominal,0.5,0.5,"Image textile_0284.jpg: An image of a textile material with consistent weave patterns, showing no visible defects or irregularities.","Image textile_0434.jpg: An image of a textile material with a small localized defect, disrupting the otherwise consistent weave pattern."
2024-11-16T04:55:40.466670,20,textile_0182.jpg,textile_0182.jpg,Defective,0.5,0.5,"Image textile_0284.jpg: An image of a textile material with consistent weave patterns, showing no visible defects or irregularities.","Image textile_0412.jpg: An image of a textile material with a small localized defect, disrupting the otherwise consistent weave pattern."
2024-11-16T04:55:40.476876,20,textile_0385.jpg,textile_0385.jpg,Nominal,0.5,0.5,"Image textile_0284.jpg: An image of a textile material with consistent weave patterns, showing no visible defects or irregularities.","Image textile_0434.jpg: An image of a textile material with a small localized defect, disrupting the otherwise consistent weave pattern."
2024-11-16T04:55:40.487056,20,textile_0360.jpg,textile_0360.jpg,Defective,0.5,0.5,"Image textile_0688.jpg: An image of a textile material with consistent weave patterns, showing no visible defects or irregularities.","Image textile_0368.jpg: An image of a textile material with a small localized defect, disrupting the otherwise consistent weave pattern."
2024-11-16T04:55:40.497185,20,textile_0410.jpg,textile_0410.jpg,Defective,0.5,0.5,"Image textile_0159.jpg: An image of a textile material with consistent weave patterns, showing no visible defects or irregularities.","Image textile_0020.jpg: An image of a textile material with a small localized defect, disrupting the otherwise consistent weave pattern."
2024-11-16T04:55:40.507284,20,textile_0024.jpg,textile_0024.jpg,Defective,0.5,0.5,"Image textile_0284.jpg: An image of a textile material with consistent weave patterns, showing no visible defects or irregularities.","Image textile_0142.jpg: An image of a textile material with a small localized defect, disrupting the otherwise consistent weave pattern."
2024-11-16T04:55:40.517408,20,textile_0297.jpg,textile_0297.jpg,Nominal,0.5,0.5,"Image textile_0284.jpg: An image of a textile material with consistent weave patterns, showing no visible defects or irregularities.","Image textile_0093.jpg: An image of a textile material with a small localized defect, disrupting the otherwise consistent weave pattern."
2024-11-16T04:55:40.527550,20,textile_0462.jpg,textile_0462.jpg,Defective,0.5,0.5,"Image textile_0642.jpg: An image of a textile material with consistent weave patterns, showing no visible defects or irregularities.","Image textile_0142.jpg: An image of a textile material with a small localized defect, disrupting the otherwise consistent weave pattern."
2024-11-16T04:55:40.537717,20,textile_0478.jpg,textile_0478.jpg,Nominal,0.501,0.499,"Image textile_0338.jpg: An image of a textile material with consistent weave patterns, showing no visible defects or irregularities.","Image textile_0093.jpg: An image of a textile material with a small localized defect, disrupting the otherwise consistent weave pattern."
2024-11-16T04:55:40.547896,20,textile_0348.jpg,textile_0348.jpg,Defective,0.499,0.501,"Image textile_0284.jpg: An image of a textile material with consistent weave patterns, showing no visible defects or irregularities.","Image textile_0426.jpg: An image of a textile material with a small localized defect, disrupting the otherwise consistent weave pattern."
2024-11-16T04:55:40.558067,20,textile_0279.jpg,textile_0279.jpg,Defective,0.5,0.5,"Image textile_0991.jpg: An image of a textile material with consistent weave patterns, showing no visible defects or irregularities.","Image textile_0018.jpg: An image of a textile material with a small localized defect, disrupting the otherwise consistent weave pattern."
2024-11-16T04:55:40.568215,20,textile_0194.jpg,textile_0194.jpg,Defective,0.499,0.501,"Image textile_0303.jpg: An image of a textile material with consistent weave patterns, showing no visible defects or irregularities.","Image textile_0116.jpg: An image of a textile material with a small localized defect, disrupting the otherwise consistent weave pattern."
2024-11-16T04:55:40.578314,20,textile_0480.jpg,textile_0480.jpg,Defective,0.5,0.5,"Image textile_0284.jpg: An image of a textile material with consistent weave patterns, showing no visible defects or irregularities.","Image textile_0116.jpg: An image of a textile material with a small localized defect, disrupting the otherwise consistent weave pattern."
2024-11-16T04:55:40.588445,20,textile_0380.jpg,textile_0380.jpg,Defective,0.5,0.5,"Image textile_0284.jpg: An image of a textile material with consistent weave patterns, showing no visible defects or irregularities.","Image textile_0368.jpg: An image of a textile material with a small localized defect, disrupting the otherwise consistent weave pattern."
2024-11-16T04:55:40.599503,20,textile_0369.jpg,textile_0369.jpg,Defective,0.5,0.5,"Image textile_0303.jpg: An image of a textile material with consistent weave patterns, showing no visible defects or irregularities.","Image textile_0426.jpg: An image of a textile material with a small localized defect, disrupting the otherwise consistent weave pattern."
2024-11-16T04:55:40.612653,20,textile_0487.jpg,textile_0487.jpg,Nominal,0.501,0.499,"Image textile_0159.jpg: An image of a textile material with consistent weave patterns, showing no visible defects or irregularities.","Image textile_0368.jpg: An image of a textile material with a small localized defect, disrupting the otherwise consistent weave pattern."
2024-11-16T04:55:40.623113,20,textile_0325.jpg,textile_0325.jpg,Nominal,0.501,0.499,"Image textile_0338.jpg: An image of a textile material with consistent weave patterns, showing no visible defects or irregularities.","Image textile_0093.jpg: An image of a textile material with a small localized defect, disrupting the otherwise consistent weave pattern."
2024-11-16T04:55:40.633377,20,textile_0038.jpg,textile_0038.jpg,Defective,0.5,0.5,"Image textile_0694.jpg: An image of a textile material with consistent weave patterns, showing no visible defects or irregularities.","Image textile_0116.jpg: An image of a textile material with a small localized defect, disrupting the otherwise consistent weave pattern."
2024-11-16T04:55:40.643509,20,textile_0061.jpg,textile_0061.jpg,Defective,0.498,0.502,"Image textile_0694.jpg: An image of a textile material with consistent weave patterns, showing no visible defects or irregularities.","Image textile_0426.jpg: An image of a textile material with a small localized defect, disrupting the otherwise consistent weave pattern."
2024-11-16T04:55:40.653737,20,textile_0118.jpg,textile_0118.jpg,Nominal,0.5,0.5,"Image textile_0015.jpg: An image of a textile material with consistent weave patterns, showing no visible defects or irregularities.","Image textile_0093.jpg: An image of a textile material with a small localized defect, disrupting the otherwise consistent weave pattern."
